Accuracy,Model
0.3869417750141323,Logistic Regression
0.38468061051441493,Baseline Log
